palestrante,leads,wins,lost,win_rate_pct,revenue_comissao_psa,valor_total_contrato,revenue_per_lead,last_lead_date,days_since_last_lead
Mary-Callahan,1,1,0,100.0,50500.0,65000.0,50500.0,2025-07-16,309
Thiago-Athanazio;Ricardo-Basaglia;Fabrício-Medeiros,1,1,0,100.0,48500.0,435000.0,48500.0,2025-06-24,332
Roberto-Campos-Neto,1,1,0,100.0,43200.0,248000.0,43200.0,2025-01-15,492
Gustavo-Malavota;Nelson-Freitas;Ricardo-Basaglia,1,1,0,100.0,36000.0,150000.0,36000.0,2025-05-19,367
Alexandre-Pellaes,3,2,1,66.7,101557.32,631000.0,33852.44,2026-03-18,64
Fabi-Granzotti,1,1,0,100.0,28800.0,85000.0,28800.0,2025-01-21,486
Kondzilla-.;Marcos-Piangers,1,1,0,100.0,26900.0,80000.0,26900.0,2025-05-19,367
Thiago-Pereira-,2,1,1,50.0,53500.0,115000.0,26750.0,2025-11-12,191
Camila-Achutti;Monique-Evelle,1,1,0,100.0,25000.0,200000.0,25000.0,2025-05-19,367
Cris-Arcangeli;João-Appolinário,1,1,0,100.0,24000.0,200000.0,24000.0,2025-05-19,367
Diego-Ribas;Tallis-Gomes,1,1,0,100.0,24000.0,150000.0,24000.0,2025-05-19,367
Monja-Coen;Nelson-Freitas,1,1,0,100.0,23200.0,140000.0,23200.0,2025-05-19,367
Dado-Schneider;Walter-Longo,1,1,0,100.0,23000.0,95000.0,23000.0,2025-05-19,367
Gil-Giardelli;Martha-Gabriel,1,1,0,100.0,23000.0,135000.0,23000.0,2025-05-19,367
Mauricio-Schneider;Rodrigo-Iafelice,1,1,0,100.0,22500.0,45000.0,22500.0,2025-05-19,367
Daniele-Nazari;Emanuel-Curi,1,1,0,100.0,22265.07,45000.0,22265.07,2025-05-19,367
Clodoaldo-Silva;Gabriel-Carneiro,1,1,0,100.0,22000.0,50000.0,22000.0,2025-05-19,367
Flavio-Tavares;Walter-Longo,1,1,0,100.0,21800.0,84000.0,21800.0,2025-05-19,367
Arthur-Igreja;Murilo-Gun,1,1,0,100.0,21788.0,123000.0,21788.0,2025-05-19,367
Cafu-;Tande-,1,1,0,100.0,21600.0,190000.0,21600.0,2025-05-19,367
Dado-Schneider;Richard-Stad,1,1,0,100.0,20000.0,78000.0,20000.0,2025-05-19,367
Bernard Appy,3,2,1,66.7,59500.0,97000.0,19833.33,2026-03-09,74
Mauricio-Giamellaro;Thiago-Concer,1,1,0,100.0,19600.0,92000.0,19600.0,2025-05-19,367
Emanuel-Curi;Fabrício-Werdum,1,1,0,100.0,19500.0,45000.0,19500.0,2025-05-19,367
Tiago-Pavinatto,1,1,0,100.0,19025.0,52250.0,19025.0,2025-06-17,339
Eduardo-Ibrahim,1,1,0,100.0,18900.0,58000.0,18900.0,2025-05-19,367
Kondzilla-.;Maestro-João-Carlos-Martins,1,1,0,100.0,17400.0,175000.0,17400.0,2025-05-19,367
Natuza Nery,1,1,0,100.0,17400.0,40000.0,17400.0,2026-01-29,113
Gabriela-Prioli;Leandro-Karnal,1,1,0,100.0,17300.0,140500.0,17300.0,2025-05-19,367
Emanuel-Curi;Nelson-Freitas,1,1,0,100.0,17000.0,70000.0,17000.0,2025-05-19,367
Marcus-Tonin,2,1,1,50.0,32700.0,85000.0,16350.0,2026-02-04,106
Gabriel-Carneiro;Monique-Evelle,1,1,0,100.0,16000.0,70000.0,16000.0,2025-05-19,367
Martha-Gabriel;Rick-Chesther,1,1,0,100.0,16000.0,120000.0,16000.0,2025-05-19,367
Walter-Longo;Nelson-Freitas,1,1,0,100.0,15536.47,138000.0,15536.47,2025-05-19,367
Veronica-Oliviera,1,1,0,100.0,15280.0,39200.0,15280.0,2026-01-26,116
Clovis-de-Barros-Filho,1,1,0,100.0,14738.5,52615.0,14738.5,2025-10-14,220
Jout-Jout,1,1,0,100.0,14500.0,25000.0,14500.0,2025-09-10,254
Débora-Garofalo,1,1,0,100.0,14400.0,33000.0,14400.0,2026-03-19,63
Caio-Abujadi,3,1,2,33.3,43000.0,115000.0,14333.33,2025-05-19,367
Thelma-Assis,1,1,0,100.0,14200.0,38000.0,14200.0,2025-10-08,226
Irineu-Toledo,1,1,0,100.0,14130.0,50000.0,14130.0,2025-05-19,367
Marcos-Troyjo,5,4,1,80.0,67500.0,370000.0,13500.0,2025-09-08,255
Rebeca-Andrade,2,2,0,100.0,26500.0,185000.0,13250.0,2025-05-19,367
Monique-Evelle;Bráulio-Bessa,1,1,0,100.0,13184.52,141450.0,13184.52,2025-06-09,346
Marcus-Nakagawa,3,2,1,66.7,39479.32,94000.0,13159.77,2025-05-20,366
Pedro-Pimenta,2,2,0,100.0,26123.04,115000.0,13061.52,2025-05-23,364
Bruno-Avelar,4,3,1,75.0,50526.0,255632.31,12631.5,2025-10-15,218
Renatoo Trisciuzzi,1,1,0,100.0,12424.66,32000.0,12424.66,2025-11-11,192
Fê Cortez,1,1,0,100.0,12000.0,30000.0,12000.0,2025-07-08,317
Carlos-Domingos,1,1,0,100.0,11800.0,36000.0,11800.0,2025-05-19,367
Célia-Godoy,4,2,2,50.0,46734.0,114408.0,11683.5,2025-12-16,157
Helio-Azevedo,2,2,0,100.0,23040.0,84000.0,11520.0,2025-11-19,183
Deive-Leonardo,2,1,1,50.0,22500.0,250000.0,11250.0,2025-05-19,367
Tallis-Gomes,4,1,3,25.0,44951.38,100752.0,11237.84,2026-01-05,136
Daniel-Dias;Ricardo-Basaglia,1,1,0,100.0,10880.0,53000.0,10880.0,2025-05-19,367
Serrentino,2,1,1,50.0,21200.0,68000.0,10600.0,2026-03-06,76
Andréa Vermont,1,1,0,100.0,10551.55,42000.0,10551.55,2025-07-02,323
Gabriel-Carneiro;Olga-Pontes,1,1,0,100.0,10400.0,39000.0,10400.0,2025-05-19,367
Gustavo-Borges;Mauricio-Giamellaro,1,1,0,100.0,10400.0,75000.0,10400.0,2025-05-19,367
Mauricio Louzada,1,1,0,100.0,10310.0,35000.0,10310.0,2025-07-07,319
Carlos-Busch;Tay-Dantas,2,1,1,50.0,20480.0,108000.0,10240.0,2025-05-19,367
Rubens-Barrichello,15,3,12,20.0,152010.0,1932800.0,10134.0,2025-11-07,195
Pamela-Magalhães,1,1,0,100.0,10000.0,40000.0,10000.0,2025-05-29,358
Oscar-Schmidt,5,1,4,20.0,48000.0,210000.0,9600.0,2025-10-20,214
Nizan-Guanaes,1,1,0,100.0,9600.0,120000.0,9600.0,2025-05-19,367
Tati-Mônico,1,1,0,100.0,9450.0,18000.0,9450.0,2025-05-19,367
Luciano-Burti,3,1,2,33.3,28100.0,70000.0,9366.67,2025-05-19,367
Dafna-Blaschkauer,3,2,1,66.7,27600.0,122000.0,9200.0,2025-07-02,324
Erik-Penna,2,1,1,50.0,18119.7,93333.33,9059.85,2026-01-30,112
Ciro-Bottini;Gustavo-Borges,1,1,0,100.0,8800.0,56000.0,8800.0,2025-05-19,367
Ricardo-Cavallini,3,3,0,100.0,26338.33,213390.0,8779.44,2025-06-26,329
Bernardo-Chianca,1,1,0,100.0,8724.94,50000.0,8724.94,2025-05-19,367
Cristiano-Verardo,2,1,1,50.0,17000.0,80000.0,8500.0,2025-05-19,367
Mariana-Ferrão,2,1,1,50.0,17000.0,40000.0,8500.0,2025-05-19,367
Rodrigo-Minotauro,1,1,0,100.0,8500.0,65000.0,8500.0,2025-05-29,358
Fernando-Magrin,1,1,0,100.0,8500.0,15000.0,8500.0,2025-05-30,356
Marcos-Gurgel,2,1,1,50.0,16800.0,65000.0,8400.0,2025-10-30,204
Gustavo-Loyola,17,5,12,29.4,142200.0,335000.0,8364.71,2026-02-27,84
Teco-Medina,1,1,0,100.0,8000.0,30000.0,8000.0,2025-05-19,367
Aneliz-Silva;Taís-Prass;Gabriela-Augusto,1,1,0,100.0,8000.0,51500.0,8000.0,2025-05-19,367
Atila-Iamarino,1,1,0,100.0,8000.0,35000.0,8000.0,2025-05-19,367
Zeca-de-Mello,1,1,0,100.0,8000.0,40000.0,8000.0,2025-05-19,367
Fernando-Barra,1,1,0,100.0,8000.0,24000.0,8000.0,2025-05-19,367
Vanderlei Luxemburgo,1,1,0,100.0,8000.0,0.0,8000.0,2026-01-07,135
Tiago-Mattos,3,2,1,66.7,23824.45,78309.05,7941.48,2025-10-13,220
Daniel-Sperb,2,1,1,50.0,15750.0,17500.0,7875.0,2025-07-30,295
Gustavo-Borges;Daniela-Klaiman,1,1,0,100.0,7840.0,44500.0,7840.0,2025-05-19,367
Nina-Silva,3,1,2,33.3,23000.0,100000.0,7666.67,2025-05-19,367
Maite-Schneider,1,1,0,100.0,7550.0,7550.0,7550.0,2025-05-19,367
Rosa-Alegria,1,1,0,100.0,7400.0,26000.0,7400.0,2025-05-19,367
Duda-Streb,1,1,0,100.0,7400.0,18000.0,7400.0,2025-05-19,367
Giba-,6,4,2,66.7,42929.0,255000.0,7154.83,2025-07-14,312
Samuel-Bortolin,4,2,2,50.0,28000.0,80000.0,7000.0,2025-05-19,367
Junior-Rostirola,2,1,1,50.0,14000.0,80000.0,7000.0,2025-05-19,367
Thais-Jeronimo,1,1,0,100.0,6900.0,13000.0,6900.0,2026-03-23,60
Denise-Hills,4,2,2,50.0,27353.95,110000.0,6838.49,2025-05-23,364
Gabriela-Augusto,2,1,1,50.0,13587.2,65000.0,6793.6,2025-09-19,245
Léo-Chaves,1,1,0,100.0,6750.0,116000.0,6750.0,2025-05-19,367
Elisama-Santos-,2,1,1,50.0,13500.0,135000.0,6750.0,2025-05-19,367
Erich-Shibata,2,1,1,50.0,13500.0,65000.0,6750.0,2025-06-08,348
Sonia-Karin-Chapman,2,2,0,100.0,13400.0,34000.0,6700.0,2025-05-19,367
Ingo-Hoffmann,2,1,1,50.0,13200.0,48000.0,6600.0,2026-03-04,78
Paulo-Guedes,17,5,11,29.4,112000.0,1300000.0,6588.24,2026-02-03,108
Caco-Barcellos,7,3,4,42.9,43900.0,114400.0,6271.43,2026-03-20,62
Daiane-Dos-Santos,8,4,4,50.0,49700.0,273500.0,6212.5,2025-05-19,367
Marcos-Cabelo,1,1,0,100.0,6200.0,18000.0,6200.0,2025-01-08,499
Romeo-Busarello,5,2,3,40.0,30119.7,123333.33,6023.94,2025-05-19,367
Débora-Santos,1,1,0,100.0,6000.0,20000.0,6000.0,2025-05-19,367
Prof.-Gretz,1,1,0,100.0,5810.0,32900.0,5810.0,2025-05-19,367
Fernando Meligene,2,1,1,50.0,11200.0,68000.0,5600.0,2026-02-23,87
Marcela-Tiboni,1,1,0,100.0,5500.0,10000.0,5500.0,2025-05-19,367
Rafaela Dornas,1,1,0,100.0,5500.0,25000.0,5500.0,2025-06-03,352
Phelipe-Siani,5,2,3,40.0,27248.0,90000.0,5449.6,2026-02-27,84
Gil-Giardelli,16,5,11,31.2,86235.01,308230.56,5389.69,2026-03-06,76
Zico-,7,2,5,28.6,37288.0,499000.0,5326.86,2026-01-22,119
Adriana-Barbosa,21,3,18,14.3,110350.0,325000.0,5254.76,2025-09-09,255
João-Appolinário,4,1,3,25.0,21000.0,420000.0,5250.0,2025-05-19,367
Fabiano-Cambota,7,3,4,42.9,36647.0,271300.0,5235.29,2026-01-28,114
Sandro-Magaldi,3,2,1,66.7,15650.0,149000.0,5216.67,2026-02-03,107
Erika-Linhares,4,2,2,50.0,20500.0,65000.0,5125.0,2026-02-20,90
Daniel-Barros,4,2,2,50.0,20450.0,78788.43,5112.5,2026-01-22,119
Ulisses-Carneiro,24,7,17,29.2,122500.0,390500.0,5104.17,2026-03-25,58
Beca-Milano,2,1,1,50.0,10200.0,38000.0,5100.0,2025-05-19,367
Viviane-Moreira,4,2,2,50.0,20400.0,66000.0,5100.0,2025-12-03,170
Heloísa-Périssé,5,2,3,40.0,25258.3,130085.98,5051.66,2025-10-15,219
Alfredo-Soares,8,1,7,12.5,40000.0,195000.0,5000.0,2026-01-21,121
Americo-Amorim,2,1,1,50.0,9200.0,23000.0,4600.0,2026-02-11,99
Larissa-Chaves,27,3,24,11.1,123482.57,367321.0,4573.43,2026-03-23,60
Diogo-Portugal,4,2,2,50.0,18230.0,73000.0,4557.5,2025-09-05,259
Maju-Coutinho,6,2,4,33.3,27240.0,173000.0,4540.0,2025-05-19,367
José-Salibi,2,1,1,50.0,9040.0,9040.0,4520.0,2025-10-23,211
Cris-Amaral,2,1,1,50.0,9000.0,30000.0,4500.0,2025-05-19,367
Helena-Bertho,1,1,0,100.0,4500.0,50000.0,4500.0,2025-05-19,367
Fernando-Soares,2,1,1,50.0,9000.0,40000.0,4500.0,2025-09-16,248
Osvaldo Aranha,1,1,0,100.0,4500.0,25000.0,4500.0,2025-06-13,342
Arthur-Elias,2,1,1,50.0,9000.0,130000.0,4500.0,2026-03-10,73
Guga-Stocco,6,3,3,50.0,26912.0,124680.0,4485.33,2025-08-25,269
Claudia-Alcantara,11,3,8,27.3,48650.0,291000.0,4422.73,2026-02-04,106
Luiz-Felipe-Scolari;Fernando-Fernandes,1,1,0,100.0,4400.0,216079.16,4400.0,2025-07-31,295
Ricardo-Trajano,6,3,3,50.0,26000.0,101000.0,4333.33,2026-02-05,105
Erik Navarro,2,2,0,100.0,8658.0,74406.34,4329.0,2025-07-17,308
Paulo-Camargo,10,4,5,40.0,42176.09,367609.06,4217.61,2026-02-04,107
Patrícia-Palermo,8,2,6,25.0,33500.0,138000.0,4187.5,2026-02-24,86
Gustavo-Caetano,18,11,7,61.1,73992.0,498472.0,4110.67,2025-07-30,296
Virna-Dias,2,1,1,50.0,8100.0,29000.0,4050.0,2026-03-23,60
Samy-Dana,13,4,9,30.8,52602.5,360048.0,4046.35,2026-01-09,132
Sabina-Deweik,2,1,1,50.0,8000.0,30000.0,4000.0,2025-05-19,367
Bia-Souza,1,1,0,100.0,4000.0,50000.0,4000.0,2025-05-19,367
Hélio-Moraes,1,1,0,100.0,4000.0,15000.0,4000.0,2025-05-19,367
Fabio-Rabin,2,1,1,50.0,8000.0,35000.0,4000.0,2025-08-04,291
Felipe-Floriani,3,1,2,33.3,12000.0,30000.0,4000.0,2026-03-25,57
Leila-Navarro,5,2,3,40.0,19920.0,89000.0,3984.0,2026-02-13,97
André-Heller,3,1,2,33.3,11875.0,33750.0,3958.33,2025-08-11,283
Roger-Medke,8,2,6,25.0,30800.0,47000.0,3850.0,2025-06-16,340
Claudia Costin,1,1,0,100.0,3838.23,20000.0,3838.23,2025-06-18,337
João-Diamante,2,1,1,50.0,7600.0,14000.0,3800.0,2025-11-06,196
Gisele-Paula,5,2,3,40.0,18791.34,90000.0,3758.27,2026-03-23,59
Mafoane-Odara,4,2,2,50.0,14900.0,58000.0,3725.0,2025-07-11,315
Fabricio-Carpinejar,39,12,27,30.8,144843.25,744345.83,3713.93,2026-03-02,81
Maryana-Com-Y,7,1,6,14.3,25919.0,60000.0,3702.71,2025-08-05,289
Alvaro-Machado-Dias,3,1,2,33.3,11100.0,29000.0,3700.0,2025-10-01,233
Silvio-Meira,17,5,12,29.4,62624.72,358800.0,3683.81,2026-01-29,113
Joel-Jota,10,3,7,30.0,36300.0,480000.0,3630.0,2026-03-23,59
Benilda-Brito,2,1,1,50.0,7200.0,44000.0,3600.0,2025-05-19,367
Janderson-Santos,1,1,0,100.0,3600.0,18000.0,3600.0,2025-05-19,367
Thais Croitor,2,1,1,50.0,7200.0,8000.0,3600.0,2026-03-03,79
Cláudio-Thebas,5,2,3,40.0,17850.0,68000.0,3570.0,2025-06-25,331
José-Motta,3,1,2,33.3,10670.42,28000.0,3556.81,2025-05-19,367
Reinaldo-Bulgarelli,3,1,2,33.3,10400.0,28000.0,3466.67,2025-09-03,261
Maurício-Meirelles,2,1,1,50.0,6851.5,31485.0,3425.75,2025-05-19,367
Marcio-Atalla,11,3,8,27.3,34200.0,185000.0,3109.09,2025-11-12,190
Roberto-Rodrigues,7,1,6,14.3,21749.2,70000.0,3107.03,2025-05-19,367
Aneliz-Silva,5,3,2,60.0,15500.0,35500.0,3100.0,2025-07-04,322
Borja-Castelar,78,23,55,29.5,241501.9,808469.33,3096.18,2026-03-24,59
Juliana-Alencar,5,3,2,60.0,15200.0,74500.0,3040.0,2025-05-19,367
Felipe-Titto,12,3,9,25.0,35900.0,127000.0,2991.67,2026-02-26,85
Augusto-Cury,19,3,16,15.8,55799.09,516000.0,2936.79,2025-09-10,253
José-Pacheco,3,1,2,33.3,8800.0,22000.0,2933.33,2025-05-19,367
Carlos-Piazza,11,2,9,18.2,32160.0,112500.0,2923.64,2025-05-19,367
Jairo-Bouer,16,4,12,25.0,46259.6,168669.6,2891.22,2025-11-04,199
Natasha-Lavinski-,8,2,6,25.0,23071.84,66850.0,2883.98,2025-12-23,149
Michel-de-Lara,2,1,1,50.0,5760.0,14400.0,2880.0,2026-01-28,113
Giovane-Gávio,316,63,252,19.9,909801.95,3930733.0,2879.12,2026-03-24,58
Gustavo-Melles,21,8,13,38.1,59701.0,155000.0,2842.9,2025-10-22,212
Martha-Gabriel,24,6,18,25.0,67693.22,480300.0,2820.55,2026-03-06,76
Roberto-Padovani,18,4,14,22.2,50412.0,117680.0,2800.67,2026-03-17,66
Gustavo-Estanislau,2,1,1,50.0,5600.0,10000.0,2800.0,2025-06-16,340
Walter-Longo,235,39,196,16.6,656695.77,2478064.78,2794.45,2026-04-07,45
Dr.-Drauzio-Varella,22,5,17,22.7,61227.24,549500.0,2783.06,2026-03-11,72
Tay-Dantas,52,13,39,25.0,144300.0,490000.0,2775.0,2025-09-29,234
Marcelo-Serrado,15,3,12,20.0,41600.0,112000.0,2773.33,2026-01-06,135
Nadine-do-Carmo,2,1,1,50.0,5499.0,16210.0,2749.5,2025-08-07,288
Fernando Luis Schuler,1,1,0,100.0,2700.0,30000.0,2700.0,2025-07-01,325
Karine-Oliveira,3,1,2,33.3,8000.0,35000.0,2666.67,2025-05-19,367
Arthur-Rufino,3,1,2,33.3,8000.0,35000.0,2666.67,2025-10-03,231
Marcio-Callage,2,1,1,50.0,5270.0,27000.0,2635.0,2025-08-06,288
Leandro-Karnal,102,22,80,21.6,266554.92,1874000.0,2613.28,2026-03-17,66
Patrícia-Santos,2,1,1,50.0,5222.5,10850.0,2611.25,2025-10-17,216
Clodoaldo-Silva,22,6,16,27.3,57200.0,145000.0,2600.0,2026-03-02,80
Tande-,7,1,6,14.3,18000.0,86000.0,2571.43,2026-02-11,100
Kau-Mascarenhas,7,2,5,28.6,18000.0,53000.0,2571.43,2025-12-03,169
Luis-Justo,70,12,58,17.1,179541.2,945000.0,2564.87,2026-03-12,70
Tiago-Koch,2,1,1,50.0,5020.0,7800.0,2510.0,2025-07-30,296
Suzane-Carvalho,2,1,1,50.0,5000.0,10000.0,2500.0,2025-05-19,367
Kiko-Kislansky,2,1,1,50.0,5000.0,10000.0,2500.0,2025-05-19,367
César-Cielo,14,4,10,28.6,34819.7,226333.33,2487.12,2025-10-30,203
Ronaldo-Lemos,17,3,14,17.6,42200.0,224000.0,2482.35,2026-01-30,112
Charles-Schweitzer,4,1,3,25.0,9840.0,31000.0,2460.0,2025-09-18,245
Sergio-Zimerman,34,7,27,20.6,83030.05,488000.0,2442.06,2026-03-13,70
Cafu-,47,5,41,10.6,114550.0,514500.0,2437.23,2026-03-24,58
Max-Gehringer,7,2,4,28.6,17000.0,107000.0,2428.57,2025-11-14,189
Luiz-Felipe-Pondé,57,12,45,21.1,137813.73,942250.0,2417.78,2026-03-30,53
Leo-Simão,6,2,4,33.3,14500.0,25000.0,2416.67,2026-01-19,123
Geraldo-Rufino,63,13,50,20.6,151997.55,1188500.0,2412.66,2026-02-06,104
Fernando-Vilela,4,2,2,50.0,9600.0,40000.0,2400.0,2025-05-19,367
Alexandre-Costa,4,1,3,25.0,9576.0,85000.0,2394.0,2025-07-24,301
Carlos-Nobre,6,1,5,16.7,14220.0,40000.0,2370.0,2025-07-10,316
Taís-Prass,2,1,1,50.0,4700.0,7500.0,2350.0,2025-05-19,367
Ricardo-Amorim,44,8,36,18.2,103077.75,920500.0,2342.68,2026-03-24,59
Zeina-Latif,33,7,26,21.2,75740.0,290000.0,2295.15,2026-03-17,66
Marcos-Pontes,3,2,1,66.7,6879.0,150000.0,2293.0,2025-05-19,367
Tiago-Lopes,12,2,10,16.7,27300.0,47000.0,2275.0,2026-02-06,104
Douglas-Crispim,2,1,1,50.0,4500.0,25000.0,2250.0,2025-05-19,367
Luiz-Fernando-Lucas,4,1,3,25.0,9000.0,110000.0,2250.0,2026-03-26,56
Richard-Stad,61,13,48,21.3,135053.3,721900.0,2213.99,2026-03-20,63
Flavio-Tavares,41,10,31,24.4,90059.76,323380.0,2196.58,2026-03-04,78
Alexandre-Kalache,18,4,14,22.2,39500.0,108000.0,2194.44,2026-02-09,102
Pedro-Rezende,1,1,0,100.0,2186.0,58000.0,2186.0,2025-07-09,316
Mario-Sergio-Cortella,43,6,37,14.0,92600.0,645000.0,2153.49,2026-03-23,60
Bia-Figueiredo,10,2,8,20.0,21500.0,127000.0,2150.0,2025-10-30,204
Amyr-Klink,47,13,34,27.7,100703.76,811000.0,2142.63,2026-03-20,62
Mauricio-Giamellaro,56,9,46,16.1,119908.4,569886.66,2141.22,2026-03-12,70
Alexandre-Espindola,4,1,3,25.0,8450.0,36000.0,2112.5,2026-02-03,107
Mari-Maria,3,1,2,33.3,6300.0,100000.0,2100.0,2026-03-16,66
Felipe Godoy,6,1,5,16.7,12500.0,25000.0,2083.33,2026-03-23,59
Rita-Von-Hunty,4,1,3,25.0,8155.17,55000.0,2038.79,2025-10-09,225
Patrícia-Carneiro,4,1,3,25.0,8100.0,12000.0,2025.0,2025-05-19,367
Gabriela-Prioli,30,5,24,16.7,60202.56,313000.0,2006.75,2026-03-09,74
Andrea-Schwarz,2,1,1,50.0,4000.0,20000.0,2000.0,2025-05-19,367
Victoria-Luz,2,1,1,50.0,4000.0,10000.0,2000.0,2025-05-19,367
Ricardo-Eletro,7,1,6,14.3,13500.0,100000.0,1928.57,2025-11-13,189
Davi-Braga,3,1,2,33.3,5739.17,13000.0,1913.06,2025-08-14,281
Vabo-,83,14,69,16.9,156952.24,885450.0,1890.99,2026-03-10,73
Gustavo-Bodra,14,4,10,28.6,26400.0,92000.0,1885.71,2025-10-20,214
Dado-Schneider,905,196,708,21.7,1689590.07,7113700.0,1866.95,2026-03-23,60
Maestro-João-Carlos-Martins,8,2,6,25.0,14900.0,100000.0,1862.5,2025-06-11,345
Gabriel-Carneiro,396,68,328,17.2,731240.59,2663958.2,1846.57,2026-02-18,92
Fabrício-Werdum,48,11,37,22.9,88350.0,385000.0,1840.62,2026-03-12,71
Marcio-Ballas,13,3,10,23.1,23520.0,94000.0,1809.23,2025-10-09,225
Nelson-Freitas,305,61,243,20.0,549601.48,4012508.0,1801.97,2026-03-27,56
Daniel Barcelos Vargas,1,1,0,100.0,1800.0,24590.0,1800.0,2025-07-29,297
Luciano-Potter,11,2,9,18.2,19750.88,92500.0,1795.53,2025-12-10,163
Wilson-Poit,24,5,19,20.8,42765.46,229000.0,1781.89,2026-03-23,59
Diógenes-Malaquias,4,1,3,25.0,7100.0,12000.0,1775.0,2025-09-16,247
Rony-Meisler,7,2,5,28.6,12100.0,190000.0,1728.57,2026-01-08,133
Eduardo-Shinyashiki,4,1,3,25.0,6800.0,58133.0,1700.0,2025-05-19,367
João-Branco,12,3,9,25.0,20050.0,160000.0,1670.83,2025-11-10,193
Felipe Anghinoni,6,1,5,16.7,9900.0,24000.0,1650.0,2025-05-19,367
Lucia-Helena-Galvão,16,3,13,18.8,26200.0,120500.0,1637.5,2026-01-15,127
Felipe-Anghinoni,34,5,29,14.7,55446.82,165920.61,1630.79,2026-03-27,56
Monja-Coen,28,6,22,21.4,45471.0,436000.0,1623.96,2025-12-16,156
Daniela-Klaiman,3,1,2,33.3,4800.0,44000.0,1600.0,2025-09-22,241
Betty Mae Agi,31,4,27,12.9,49354.0,163480.0,1592.06,2026-03-26,57
Thiago-Concer,204,40,164,19.6,323240.0,1911800.0,1584.51,2025-07-15,311
Ciro-Bottini,9,3,6,33.3,14001.0,184564.47,1555.67,2025-06-13,343
Serginho-Seixas,3,1,2,33.3,4600.0,14000.0,1533.33,2025-07-29,297
Kenneth-Corrêa,3,1,2,33.3,4560.0,50000.0,1520.0,2025-05-19,367
Emanuel-Curi,193,33,160,17.1,286833.31,608500.0,1486.18,2026-03-27,56
Ricardo-Dalbosco,9,1,8,11.1,13200.0,28000.0,1466.67,2026-03-25,58
Fernanda-Leite,129,19,110,14.7,187652.2,372300.0,1454.67,2026-03-20,63
Ricardo-Basaglia,460,82,377,17.8,663346.32,3438860.0,1442.06,2026-03-27,56
Bráulio-Bessa,16,1,15,6.2,22500.0,85000.0,1406.25,2026-01-06,136
Monique-Evelle,178,27,151,15.2,249575.01,1235015.65,1402.11,2026-03-12,71
Rossandro-Klinjey,9,2,7,22.2,12600.0,231000.0,1400.0,2026-01-28,114
Mauricio-Schneider,98,16,82,16.3,135735.0,481500.0,1385.05,2026-03-20,63
Jane-Haddad,12,2,10,16.7,16500.0,55000.0,1375.0,2026-03-06,76
Hortência-Marcari,6,1,5,16.7,8250.0,35000.0,1375.0,2026-02-19,92
Henrique-Folster,22,3,19,13.6,30069.0,53000.0,1366.77,2026-03-03,79
Roberto-Rosa-dos-Santos,3,1,2,33.3,4100.0,9000.0,1366.67,2025-08-08,286
Artur-Bugre-,13,3,10,23.1,17600.0,34000.0,1353.85,2025-12-26,147
Thiago-Carmona,6,1,5,16.7,8110.0,14000.0,1351.67,2025-09-08,256
Antonio-Carlos-Hencsey,11,2,9,18.2,14806.94,52200.0,1346.09,2025-10-16,218
Rodrigo-Iafelice,25,6,19,24.0,33530.0,187852.0,1341.2,2026-03-11,72
Alexandre-Messina,3,1,2,33.3,4000.0,10000.0,1333.33,2025-05-19,367
Brunna-Farizel,7,2,5,28.6,9320.0,19300.0,1331.43,2025-10-13,221
Ricardo-Lemos,21,2,19,9.5,27700.0,63000.0,1319.05,2026-02-20,91
Gabriel Carneiro,206,31,171,15.0,271184.37,937009.8,1316.43,2026-03-27,56
Vinicius Kitahara,15,1,14,6.7,19020.0,37800.0,1268.0,2026-03-25,57
Dani-Amaral,3,1,2,33.3,3800.0,8500.0,1266.67,2025-09-01,262
Nathalia-Arcuri,16,2,14,12.5,20250.0,65000.0,1265.62,2026-02-20,90
Everton-Lima,97,19,78,19.6,119503.85,358750.0,1232.0,2026-03-26,57
Gustavo-Borges,600,114,486,19.0,730856.34,5392349.69,1218.09,2026-02-04,106
Nelson Freitas,25,4,21,16.0,30280.0,196000.0,1211.2,2025-07-03,323
Monica-Magalhaes,107,15,92,14.0,124983.75,672742.19,1168.07,2026-04-06,46
Celysa Hirt,7,1,6,14.3,8100.0,9000.0,1157.14,2026-03-05,78
Leonardo-Castelo,30,5,25,16.7,34520.0,217800.0,1150.67,2026-01-15,126
Ivan Martinho,3,1,2,33.3,3432.26,45000.0,1144.09,2026-03-06,77
Carlos-Busch,193,21,171,10.9,220101.0,1218000.0,1140.42,2026-03-26,57
Monica Magalhaes,6,2,4,33.3,6800.0,35000.0,1133.33,2025-07-22,304
Gustavo-Malavota,153,20,133,13.1,172220.0,790500.0,1125.62,2026-01-20,122
Caroline-Moreira,3,1,2,33.3,3300.0,17000.0,1100.0,2025-09-24,240
Giuliana-Morrone,2,1,1,50.0,2139.69,32000.0,1069.85,2025-06-17,339
Aurelio-Neto,3,1,2,33.3,3200.0,9000.0,1066.67,2025-10-09,224
Lars-Grael,13,5,8,38.5,13824.0,146304.0,1063.38,2025-05-19,367
Hamilton-Werneck,8,1,7,12.5,8502.08,30000.0,1062.76,2025-11-26,177
Lucia-Haracemiv-,6,2,4,33.3,6339.28,54000.0,1056.55,2026-02-23,87
Aline-Morandi,26,3,23,11.5,26800.0,43000.0,1030.77,2025-10-07,226
Caito-Maia,21,2,19,9.5,21600.0,167000.0,1028.57,2026-03-16,67
Ricardo-Dias,13,2,11,15.4,13300.0,77000.0,1023.08,2025-08-19,276
Mari-Palma,10,1,9,10.0,10186.0,113000.0,1018.6,2026-02-25,85
Paulo-Pacheco,2,1,1,50.0,2003.11,11400.0,1001.55,2025-07-04,322
Eduardo-Cheffe,27,5,21,18.5,27031.0,101750.0,1001.15,2026-03-20,62
Felipe-Stumpf,5,1,4,20.0,5000.0,10000.0,1000.0,2026-03-12,71
Flávio-Peralta,4,1,3,25.0,4000.0,30000.0,1000.0,2025-08-29,265
Claudia-Vale,4,1,3,25.0,4000.0,25000.0,1000.0,2025-05-19,367
Lucas Silveira,23,2,21,8.7,23000.0,48500.0,1000.0,2026-03-02,81
Thiago-Athanazio,133,13,120,9.8,127251.6,378756.43,956.78,2026-03-30,53
Gabriel-Farrel,9,3,6,33.3,8400.0,36000.0,933.33,2025-07-16,310
William-Waack,7,1,6,14.3,6500.0,85000.0,928.57,2026-03-06,77
Daniel-Dias,179,28,150,15.6,165088.0,922700.0,922.28,2025-12-22,150
Gustavo-Ferreira,1,1,0,100.0,920.0,3800.0,920.0,2025-05-19,367
Daniel-de-Oliveira,3,1,2,33.3,2660.0,36575.0,886.67,2026-01-23,118
Camila-Santos,17,3,14,17.6,15003.73,58500.0,882.57,2026-01-27,115
Rachel-Maia,86,5,81,5.8,75650.0,247000.0,879.65,2026-03-20,63
Kadu-Molina,6,1,5,16.7,5200.0,8000.0,866.67,2025-10-20,214
Ana-Paula-Padrão,17,1,16,5.9,14500.0,55000.0,852.94,2026-01-12,129
Diego-Ribas,25,3,22,12.0,21100.0,175000.0,844.0,2026-03-13,70
Miguel-Nicolelis,3,1,2,33.3,2500.0,110000.0,833.33,2026-02-13,98
Giovana-Pedroso,14,1,13,7.1,11560.0,58000.0,825.71,2026-03-27,56
Filipe-Roloff,6,1,5,16.7,4890.0,12100.0,815.0,2025-10-06,228
Lasaro-Do-Carmo-Jr,6,1,5,16.7,4800.0,30000.0,800.0,2025-12-18,155
Murilo-Gun,15,1,14,6.7,12000.0,60000.0,800.0,2026-03-09,74
Zé-Roberto,10,1,9,10.0,8000.0,105000.0,800.0,2026-03-19,64
Luiz-Felipe-Massad,19,2,17,10.5,14600.0,27000.0,768.42,2025-12-01,171
Pietro-Schaff,5,1,4,20.0,3800.0,9750.0,760.0,2025-05-19,367
Piero-Franceschi,32,3,29,9.4,24160.0,102000.0,755.0,2026-03-13,69
Arthur-Igreja,19,2,17,10.5,14280.0,75000.0,751.58,2026-02-06,105
Gustavo Torrente,30,7,23,23.3,22499.6,37800.0,749.99,2026-03-26,56
Bruna Félix,12,2,10,16.7,8650.0,21000.0,720.83,2026-03-20,62
Junior-Borneli,17,1,16,5.9,12000.0,50000.0,705.88,2025-05-19,367
Bernardinho-,12,1,11,8.3,8400.0,23000.0,700.0,2026-03-05,77
Helena-Brochado,5,1,4,20.0,3500.0,15000.0,700.0,2025-05-19,367
Tinga-,18,2,16,11.1,12533.36,78667.0,696.3,2026-01-09,132
Fernando-Fernandes,13,1,12,7.7,9000.0,60000.0,692.31,2025-11-19,184
Adam-Grant,7,2,5,28.6,4806.0,43010.0,686.57,2026-02-03,108
Antonella-Satyro,7,2,5,28.6,4800.0,12000.0,685.71,2025-10-14,219
Eduardo-Tevah,3,1,2,33.3,2000.0,25000.0,666.67,2025-05-19,367
Lucas-Lima,2,1,1,50.0,1296.0,12000.0,648.0,2026-01-21,120
Alice-Bastos-Neves,16,1,15,6.2,10200.0,250000.0,637.5,2026-03-20,63
Fabrício-Medeiros,24,1,23,4.2,13600.0,55000.0,566.67,2026-03-26,57
Augusto-Rocha,41,2,39,4.9,23100.0,49000.0,563.41,2026-03-27,56
Victoria-Moreno,3,1,2,33.3,1645.0,4000.0,548.33,2025-07-01,325
Rodrigo-Sabiah,4,1,3,25.0,2150.0,3500.0,537.5,2025-05-19,367
Caio-Carneiro,20,2,18,10.0,10240.3,127000.0,512.01,2026-01-27,114
Eduarda-Schneider,3,1,2,33.3,1530.0,19800.0,510.0,2025-10-17,217
Clara-Carvalho,16,1,15,6.2,8000.0,20000.0,500.0,2026-03-23,60
Otaviano-Costa,32,2,30,6.2,15200.0,155000.0,475.0,2026-02-06,105
Thiago-Nigro,2,1,1,50.0,900.0,12000.0,450.0,2025-07-17,308
Vanderlei-Cordeiro,4,1,3,25.0,1800.0,22000.0,450.0,2026-03-23,59
Marcos-Piangers,33,2,31,6.1,14800.0,96000.0,448.48,2026-02-05,105
Ana-Rodrigues,5,1,4,20.0,2200.0,15000.0,440.0,2026-03-06,77
Paula-Roosch,30,2,28,6.7,13013.5,46900.0,433.78,2026-03-23,60
Fábio-Nudge,7,1,6,14.3,3000.0,5000.0,428.57,2026-03-10,72
Carol-Paiffer,8,1,7,12.5,3375.0,85000.0,421.88,2025-08-25,270
Roberta-Paffaro,1,1,0,100.0,419.04,23745.6,419.04,2025-10-17,217
Gabriel-Machado,16,2,14,12.5,6600.0,38020.0,412.5,2025-05-19,367
Marco-Luque,5,1,4,20.0,2000.0,80000.0,400.0,2025-08-06,288
Leandro-Trajano,9,1,8,11.1,3488.0,22250.63,387.56,2026-03-09,73
Alice-Salazar,11,1,10,9.1,4000.0,30000.0,363.64,2026-03-20,62
(sem palestrante),14564,454,13817,3.1,4825797.23,21804188.84,331.35,2026-05-21,0
Christian-Dunker,13,1,12,7.7,4000.0,45000.0,307.69,2026-02-18,92
Alexandre-Eberle,27,1,26,3.7,8100.0,8000.0,300.0,2026-04-20,31
Rick-Chesther,16,1,15,6.2,4800.0,58000.0,300.0,2026-03-20,63
Cidade Inovadora,1,1,0,100.0,270.0,15300.0,270.0,2025-10-27,206
Ilson-Júnior,20,1,19,5.0,5000.0,10000.0,250.0,2026-01-13,129
Elderci Garcia,1,1,0,100.0,231.58,13123.32,231.58,2025-11-06,196
Léo-Fraiman,4,1,3,25.0,900.0,67136.66,225.0,2025-12-29,143
Cristiano-Kruel,12,1,11,8.3,2400.0,25000.0,200.0,2025-05-19,367
Cássia-Ternus,25,1,24,4.0,4800.0,14000.0,192.0,2026-03-23,60
Thiago-Reis,28,2,26,7.1,4653.0,52000.0,166.18,2025-08-06,289
Rodrigo-Vicentini,11,1,10,9.1,1800.0,20000.0,163.64,2026-01-21,120
Daniele-Nazari,30,2,28,6.7,4400.0,8000.0,146.67,2026-03-24,59
Gustavo Borges,126,1,125,0.8,12000.0,12000.0,95.24,2025-07-24,302
Doces Tambaba,1,1,0,100.0,63.0,19124.0,63.0,2025-10-28,205
Cleverson Oliveira,1,1,0,100.0,61.2,14558.56,61.2,2025-11-11,192
Lorenzo-Tomé,3,1,2,33.3,177.0,16553.6,59.0,2026-03-06,77
Eduardo Victor,1,1,0,100.0,40.0,10192.0,40.0,2025-10-15,219
Gabriel-Martins,2,2,0,100.0,73.0,6630.0,36.5,2025-10-27,206
Rafael-Medeiros-Filho,8,1,7,12.5,200.0,8000.0,25.0,2026-02-18,93
Hanah-Franklin,1,1,0,100.0,1.0,65091.46,1.0,2025-05-19,367
Galunion,1,1,0,100.0,1.0,28917.0,1.0,2025-05-19,367
Lincoln-Murphy,1,1,0,100.0,1.0,32462.54,1.0,2025-06-02,353
Dener-Lippert,3,1,2,33.3,1.0,30957.29,0.33,2025-05-20,367
Laura Vicente,1,1,0,100.0,0.01,45000.0,0.01,2025-06-27,329
Thiago-Queiroz-,1,1,0,100.0,0.01,7000.0,0.01,2025-07-31,294
Tamara-Klink,3,1,2,33.3,0.0,58000.0,0.0,2026-02-09,102
Chirles-Oliveira,1,0,1,0.0,0.0,0.0,0.0,2025-05-19,367
Almir-Santana,2,0,2,0.0,0.0,0.0,0.0,2025-05-19,367
Allan-Finkel,4,0,4,0.0,0.0,0.0,0.0,2025-05-19,367
Alexandre-Taleb,14,0,14,0.0,0.0,0.0,0.0,2025-10-28,205
Kellen-Severo,7,0,7,0.0,0.0,0.0,0.0,2025-11-04,198
Walter Longo,10,0,10,0.0,0.0,0.0,0.0,2025-07-15,310
Aretha-Duarte,3,0,3,0.0,0.0,0.0,0.0,2025-12-22,151
Aod-Cunha,1,0,1,0.0,0.0,0.0,0.0,2025-05-19,367
Alexandre Taleb,16,0,16,0.0,0.0,0.0,0.0,2025-07-01,324
Larissa Chaves,7,0,7,0.0,0.0,0.0,0.0,2025-07-15,311
Luis-Justo;Martha-Gabriel,1,0,1,0.0,0.0,0.0,0.0,2025-05-19,367
Clovis-Lumertz,1,0,1,0.0,0.0,0.0,0.0,2025-05-19,367
Flavio-Augusto,8,0,8,0.0,0.0,0.0,0.0,2025-05-19,367
Liza-Block,2,0,2,0.0,0.0,0.0,0.0,2026-03-03,80
Fabiano-Zortéa,18,0,18,0.0,0.0,0.0,0.0,2025-12-11,162
Rute-Teixeira,6,0,6,0.0,0.0,0.0,0.0,2025-09-04,260
Conrado-Navarro,2,0,2,0.0,0.0,0.0,0.0,2025-05-19,367
Viviane-de-Araújo,3,0,3,0.0,0.0,0.0,0.0,2025-05-19,367
Tiago-Reis,2,0,2,0.0,0.0,0.0,0.0,2025-05-19,367
Kyra-Gracie,1,0,1,0.0,0.0,0.0,0.0,2025-05-19,367
Kondzilla-.,3,0,3,0.0,0.0,0.0,0.0,2025-05-19,367
Marina-Ganzarolli,2,0,2,0.0,0.0,0.0,0.0,2025-05-19,367
Rafael-Leitão,2,0,2,0.0,0.0,0.0,0.0,2025-05-30,356
Olga-Pontes,9,0,9,0.0,0.0,0.0,0.0,2026-01-14,127
Mayrá-Casttro,3,0,3,0.0,0.0,0.0,0.0,2025-08-05,290
Afonso-Padilha,8,0,8,0.0,0.0,0.0,0.0,2025-05-22,364
Luciano-Santos,1,1,0,100.0,0.0,25000.0,0.0,2025-05-19,367
Tiago-Brunet,7,0,7,0.0,0.0,0.0,0.0,2025-05-19,367
Lara-Ely,4,0,4,0.0,0.0,0.0,0.0,2026-02-03,108
Dado Schneider,84,0,84,0.0,0.0,0.0,0.0,2025-07-22,303
Rachel Maia,3,0,3,0.0,0.0,0.0,0.0,2025-05-19,367
Henrique-Fogaça,4,0,4,0.0,0.0,0.0,0.0,2025-05-19,367
Marcelo-Scharra,13,0,13,0.0,0.0,0.0,0.0,2025-11-18,185
Pedro-Cortella,2,0,2,0.0,0.0,0.0,0.0,2025-09-29,234
Caio-no-Mundo,7,0,7,0.0,0.0,0.0,0.0,2025-06-10,346
Liese-Ilha,1,0,1,0.0,0.0,0.0,0.0,2025-05-19,367
Arthur-Bender,5,0,5,0.0,0.0,0.0,0.0,2026-03-25,58
Ana-Cardoso,3,0,3,0.0,0.0,0.0,0.0,2025-09-10,254
Allana-Sulzback,1,0,1,0.0,0.0,0.0,0.0,2025-05-19,367
Roberto-Justus,1,0,1,0.0,0.0,0.0,0.0,2025-05-19,367
Marcus-Bernardes,6,0,6,0.0,0.0,0.0,0.0,2025-10-30,203
Rafael-Kenji,2,0,2,0.0,0.0,0.0,0.0,2025-05-19,367
Felipe-Moura-Brasil,1,0,1,0.0,0.0,0.0,0.0,2025-05-19,367
Gabriela-Affonso,1,0,1,0.0,0.0,0.0,0.0,2025-05-19,367
Ricardo Basaglia,21,0,21,0.0,0.0,0.0,0.0,2025-07-21,304
Sandra-Sá,1,0,1,0.0,0.0,0.0,0.0,2025-05-19,367
Aline-Aguiar,1,0,1,0.0,0.0,0.0,0.0,2025-05-19,367
Mauricio Giamellaro,3,0,3,0.0,0.0,0.0,0.0,2025-06-09,346
Marcela-Kawauti,2,0,2,0.0,0.0,0.0,0.0,2025-05-19,367
Felipe-Massa,2,0,2,0.0,0.0,0.0,0.0,2025-11-14,188
Izabella-Camargo,7,0,7,0.0,0.0,0.0,0.0,2026-03-09,74
Carlos-Menchik-,2,0,2,0.0,0.0,0.0,0.0,2026-02-25,86
Nath-Finanças,3,0,3,0.0,0.0,0.0,0.0,2025-09-29,235
Dr.Bactéria-,2,0,2,0.0,0.0,0.0,0.0,2025-05-19,367
Camila-Achutti,4,0,4,0.0,0.0,0.0,0.0,2025-05-19,367
Alexandre-Rossi,1,0,1,0.0,0.0,0.0,0.0,2025-05-19,367
Marcos-Rossi,2,0,2,0.0,0.0,0.0,0.0,2025-05-19,367
Eduardo-Feldberg,1,0,1,0.0,0.0,0.0,0.0,2025-05-19,367
Sylvia-Hartmann,4,0,4,0.0,0.0,0.0,0.0,2025-05-19,367
Marcelo-Marrom,3,0,3,0.0,0.0,0.0,0.0,2026-02-03,107
Marcos-Jank,5,0,5,0.0,0.0,0.0,0.0,2025-12-23,150
Bianca-Vilela,3,0,3,0.0,0.0,0.0,0.0,2025-07-18,308
Rosana-Jatobá,4,0,4,0.0,0.0,0.0,0.0,2025-06-12,344
Djamila-Ribeiro,2,0,2,0.0,0.0,0.0,0.0,2025-05-19,367
Pastor-Claudio-Duarte,1,0,1,0.0,0.0,0.0,0.0,2025-05-19,367
Cris-dos-Prazeres,2,0,2,0.0,0.0,0.0,0.0,2026-01-22,120
Rogério-Salume,2,0,2,0.0,0.0,0.0,0.0,2025-05-19,367
Angelo-Calori,3,0,3,0.0,0.0,0.0,0.0,2026-03-10,72
Giovanna-Antonelli,2,0,2,0.0,0.0,0.0,0.0,2025-09-24,240
Mauricio-Arruda,4,0,4,0.0,0.0,0.0,0.0,2026-02-05,105
Alfredo-Soares;Diego-Maia,1,0,1,0.0,0.0,0.0,0.0,2025-05-19,367
Ricardo-Oliveira,1,0,1,0.0,0.0,0.0,0.0,2025-05-19,367
Samer-Agi,1,0,1,0.0,0.0,0.0,0.0,2025-05-19,367
Ivan-Moré,1,0,1,0.0,0.0,0.0,0.0,2025-05-19,367
Mariana-Schuchovski-,2,0,2,0.0,0.0,0.0,0.0,2025-05-19,367
MV-Bill,8,0,8,0.0,0.0,0.0,0.0,2025-10-30,204
Caio-Coppolla,3,0,3,0.0,0.0,0.0,0.0,2026-03-13,70
Cristina-Junqueira,3,0,3,0.0,0.0,0.0,0.0,2025-05-19,367
Lais-Souza,14,0,14,0.0,0.0,0.0,0.0,2026-02-03,108
Luiz-Felipe-Scolari,10,0,10,0.0,0.0,0.0,0.0,2026-03-26,56
Galvão-Bueno,1,0,1,0.0,0.0,0.0,0.0,2025-05-19,367
Silvia-Valim,6,0,6,0.0,0.0,0.0,0.0,2026-03-12,71
Nelio-Tombini,1,0,1,0.0,0.0,0.0,0.0,2025-05-19,367
Richard Stad,3,0,3,0.0,0.0,0.0,0.0,2025-05-19,367
Roberto-Santos,9,0,9,0.0,0.0,0.0,0.0,2026-01-13,128
Leonardo-Boff,3,0,3,0.0,0.0,0.0,0.0,2025-07-14,312
Fabio-Gandour-,1,0,1,0.0,0.0,0.0,0.0,2025-05-19,367
Alex-Machado,2,0,2,0.0,0.0,0.0,0.0,2026-03-20,63
Bianca-Andrade,2,0,2,0.0,0.0,0.0,0.0,2026-02-12,98
Murilo-Massari,1,0,1,0.0,0.0,0.0,0.0,2025-05-19,367
Marcelo-Ortega,1,0,1,0.0,0.0,0.0,0.0,2025-05-19,367
Tiago-Melo,1,0,1,0.0,0.0,0.0,0.0,2025-05-19,367
Denize-Savi,4,0,4,0.0,0.0,0.0,0.0,2026-01-26,116
Wellington-Vitorino,2,0,1,0.0,0.0,0.0,0.0,2026-03-11,71
Giovane Gávio,4,0,4,0.0,0.0,0.0,0.0,2025-07-18,308
Rodrigo-Roger,1,0,1,0.0,0.0,0.0,0.0,2025-05-19,367
Guri-De-Uruguaiana,1,0,1,0.0,0.0,0.0,0.0,2025-05-19,367
Susana-Schnarndorf,3,0,3,0.0,0.0,0.0,0.0,2025-07-16,310
Raquel-Trevisan,2,0,2,0.0,0.0,0.0,0.0,2025-06-23,333
Paulo-Angelim,1,0,1,0.0,0.0,0.0,0.0,2025-05-19,367
Leonardo-D'Agostino,2,0,2,0.0,0.0,0.0,0.0,2025-05-19,367
Helena-Rizzo,2,0,2,0.0,0.0,0.0,0.0,2026-03-25,57
Christian-Barbosa,2,0,2,0.0,0.0,0.0,0.0,2025-09-23,241
Theo-Orosco,2,0,2,0.0,0.0,0.0,0.0,2025-07-24,302
Miriam-Leitão,3,0,3,0.0,0.0,0.0,0.0,2025-08-01,294
Xico-Graziano,1,0,1,0.0,0.0,0.0,0.0,2025-05-19,367
Lena-Souza,4,0,4,0.0,0.0,0.0,0.0,2026-01-06,136
Yane-Marques,1,0,1,0.0,0.0,0.0,0.0,2025-05-19,367
Alexandre-Schwartsman,1,0,1,0.0,0.0,0.0,0.0,2025-05-19,367
Roberto-Shinyashiki,5,0,5,0.0,0.0,0.0,0.0,2026-03-09,73
Dunga-,8,0,8,0.0,0.0,0.0,0.0,2026-03-19,63
Ricardo-Voltolini,1,0,1,0.0,0.0,0.0,0.0,2025-05-19,367
Oliver-Stuenkel,2,0,2,0.0,0.0,0.0,0.0,2025-08-19,275
Diego-Barreto,1,0,1,0.0,0.0,0.0,0.0,2025-05-19,367
Marcelo-Tas,3,0,3,0.0,0.0,0.0,0.0,2025-08-04,291
Caio-Martins,1,0,1,0.0,0.0,0.0,0.0,2025-05-19,367
Gabriela-Kapim,2,0,2,0.0,0.0,0.0,0.0,2026-01-29,112
Renata-Rivetti,2,0,2,0.0,0.0,0.0,0.0,2025-11-05,197
Lucelmo-Lacerda,3,0,3,0.0,0.0,0.0,0.0,2025-08-28,266
Gui-Rangel,2,0,2,0.0,0.0,0.0,0.0,2025-05-19,367
Paulo-Alvarenga,2,0,2,0.0,0.0,0.0,0.0,2026-01-26,115
Carole-Crema,1,0,1,0.0,0.0,0.0,0.0,2025-05-19,367
Luciana-Dadalto,1,0,1,0.0,0.0,0.0,0.0,2025-05-19,367
José-Francisco-Soares,2,0,1,0.0,0.0,0.0,0.0,2026-03-27,56
Giba-;Fabi-Alvim,1,0,1,0.0,0.0,0.0,0.0,2025-05-19,367
Magic-Paula,1,0,1,0.0,0.0,0.0,0.0,2025-05-19,367
Maryele-Biff,1,0,1,0.0,0.0,0.0,0.0,2025-05-19,367
Gustavo-Cerbasi,1,0,1,0.0,0.0,0.0,0.0,2025-05-19,367
Bruno-Lessa,1,0,1,0.0,0.0,0.0,0.0,2025-05-19,367
Ruth-Manus,1,0,1,0.0,0.0,0.0,0.0,2025-05-19,367
Luitha-Miraglia,1,0,1,0.0,0.0,0.0,0.0,2025-05-21,365
Lucca-Viery,1,0,1,0.0,0.0,0.0,0.0,2025-05-22,365
Martin-Henkel,5,0,5,0.0,0.0,0.0,0.0,2026-03-03,80
Silvia-Belluzzo,3,0,3,0.0,0.0,0.0,0.0,2026-01-07,134
Danni-Suzuki,1,0,1,0.0,0.0,0.0,0.0,2025-05-29,358
Pastor-André-Fernandes,1,0,1,0.0,0.0,0.0,0.0,2025-06-03,353
Aline-Sordili,2,0,2,0.0,0.0,0.0,0.0,2025-06-18,338
Ana-Beatriz-Barbosa-Silva,7,0,7,0.0,0.0,0.0,0.0,2026-03-12,71
Caçadores-de-Bons-Exemplos,1,0,1,0.0,0.0,0.0,0.0,2025-06-09,346
Camila-Salek,1,0,1,0.0,0.0,0.0,0.0,2025-06-09,346
Bárbara-Carine,3,0,3,0.0,0.0,0.0,0.0,2026-03-19,64
Pedro Englert,1,0,1,0.0,0.0,0.0,0.0,2025-06-11,344
Aline-Dotta;Alexandre Prates,1,0,1,0.0,0.0,0.0,0.0,2025-06-11,344
Paulo-Herrmann,1,0,1,0.0,0.0,0.0,0.0,2025-06-23,333
Sergio Zen,2,0,2,0.0,0.0,0.0,0.0,2026-01-06,136
André-Batista,1,0,1,0.0,0.0,0.0,0.0,2025-06-24,331
ANA-PAULA-CHIARA-DE-OLIVEIRA-HOOG,7,0,7,0.0,0.0,0.0,0.0,2026-03-02,80
Diego Hypólito,1,0,1,0.0,0.0,0.0,0.0,2025-06-27,329
Lisiane-Lemos,1,0,1,0.0,0.0,0.0,0.0,2025-07-01,324
Diego Rodrigues,1,0,1,0.0,0.0,0.0,0.0,2025-07-03,323
Thiago Athanazio,1,0,1,0.0,0.0,0.0,0.0,2025-07-03,323
Willian-Chimura,2,0,2,0.0,0.0,0.0,0.0,2025-08-08,286
Thiago-Athanazio;Fabrício-Medeiros,1,0,1,0.0,0.0,0.0,0.0,2025-07-11,315
Isabelle-Randon,1,0,1,0.0,0.0,0.0,0.0,2025-07-11,315
Dado-Schneider;Rafael-Kiso,1,0,1,0.0,0.0,0.0,0.0,2025-07-14,312
Tatiana-Brito,4,0,4,0.0,0.0,0.0,0.0,2025-09-19,245
Luana-Cazzola,5,0,5,0.0,0.0,0.0,0.0,2026-03-12,71
Guilherme-Guimarães,3,0,3,0.0,0.0,0.0,0.0,2026-03-26,56
Denise-Bobadilha,6,0,6,0.0,0.0,0.0,0.0,2026-03-04,79
Eduardo-Giannetti,3,0,3,0.0,0.0,0.0,0.0,2026-01-20,121
Adriana-Torres,2,0,2,0.0,0.0,0.0,0.0,2025-10-06,228
Alexandre Prates,3,0,3,0.0,0.0,0.0,0.0,2025-11-14,188
Carla-Tieppo,2,0,2,0.0,0.0,0.0,0.0,2025-09-30,234
Flávia-Gonet,1,0,1,0.0,0.0,0.0,0.0,2025-07-28,298
Marcos-Lisboa,1,0,1,0.0,0.0,0.0,0.0,2025-07-29,296
Maíra Bittencourt,1,0,1,0.0,0.0,0.0,0.0,2025-07-31,295
Guto-Requena,4,0,4,0.0,0.0,0.0,0.0,2026-02-24,86
Rafael-Kiso,1,0,1,0.0,0.0,0.0,0.0,2025-08-04,291
Raul-Gazolla,2,0,2,0.0,0.0,0.0,0.0,2025-10-06,227
Cris-Arcangeli,1,0,1,0.0,0.0,0.0,0.0,2025-08-06,289
Luciana-Garcia-,1,0,1,0.0,0.0,0.0,0.0,2025-08-06,289
Cauê-Oliveira,1,0,1,0.0,0.0,0.0,0.0,2025-08-07,288
Andrea-Iorio,2,0,2,0.0,0.0,0.0,0.0,2025-10-07,226
Luana-Zucoloto,1,0,1,0.0,0.0,0.0,0.0,2025-08-12,282
Felipe-Goettems,2,0,2,0.0,0.0,0.0,0.0,2025-11-04,198
Alexandra-Loras,1,0,1,0.0,0.0,0.0,0.0,2025-09-08,255
Laura-Muller,1,0,1,0.0,0.0,0.0,0.0,2025-09-10,254
Fernanda-Marques,1,0,1,0.0,0.0,0.0,0.0,2025-09-12,252
Teresa-Vendramini,1,0,1,0.0,0.0,0.0,0.0,2025-09-12,251
José-Roberto-Guimarães,5,0,5,0.0,0.0,0.0,0.0,2026-02-18,92
Fabio Neto,1,0,1,0.0,0.0,0.0,0.0,2025-09-16,248
Ricardo-Rocha,2,0,2,0.0,0.0,0.0,0.0,2025-11-13,189
Marcos-Freitas-Mendes,1,0,1,0.0,0.0,0.0,0.0,2025-09-18,245
Chef-Érick-Jacquin,2,0,2,0.0,0.0,0.0,0.0,2025-09-30,233
Emília Cipriano,2,0,2,0.0,0.0,0.0,0.0,2025-09-25,239
Lito-Sousa,1,0,1,0.0,0.0,0.0,0.0,2025-10-03,231
Guilherme-Briggs,1,0,1,0.0,0.0,0.0,0.0,2025-10-10,224
Camila-Telles,2,0,2,0.0,0.0,0.0,0.0,2026-03-20,63
Waldemar Niclevicz,1,0,1,0.0,0.0,0.0,0.0,2025-11-06,196
Leandro-Ladeira,1,0,1,0.0,0.0,0.0,0.0,2025-11-11,192
Edmundo Alves de Souza Oliveira,1,0,1,0.0,0.0,0.0,0.0,2025-11-11,192
Carolina-Ignarra,1,0,1,0.0,0.0,0.0,0.0,2025-11-12,190
Sidarta-Ribeiro,2,0,2,0.0,0.0,0.0,0.0,2025-12-12,161
Alexandre Gacia,1,0,1,0.0,0.0,0.0,0.0,2025-12-08,165
Leonardo-Borges-de-Souza,1,0,1,0.0,0.0,0.0,0.0,2025-12-11,161
Marcos-Fava-Neves,1,0,1,0.0,0.0,0.0,0.0,2025-12-16,157
Thiago-Vinhal,1,0,1,0.0,0.0,0.0,0.0,2025-12-17,155
Marco Tulio,1,0,1,0.0,0.0,0.0,0.0,2025-12-19,153
Fred-Alecrim,1,0,1,0.0,0.0,0.0,0.0,2025-12-22,151
Isaquias-Queiroz,1,0,1,0.0,0.0,0.0,0.0,2026-01-08,134
Aline-Dotta,1,0,1,0.0,0.0,0.0,0.0,2026-01-12,130
Carlos-Ferreirinha,1,0,1,0.0,0.0,0.0,0.0,2026-01-14,128
Daniel Arcoverde,1,0,1,0.0,0.0,0.0,0.0,2026-01-15,126
Luiz Felipe Escolari,2,0,2,0.0,0.0,0.0,0.0,2026-01-21,120
Maria Paula,1,0,1,0.0,0.0,0.0,0.0,2026-01-19,123
Natalia-Amancio,1,0,1,0.0,0.0,0.0,0.0,2026-01-19,123
Felipe-Costa,1,0,0,0.0,0.0,0.0,0.0,2026-01-21,121
João-Adibe,1,0,1,0.0,0.0,0.0,0.0,2026-01-30,112
Marco Aurélio,6,0,6,0.0,0.0,0.0,0.0,2026-03-17,66
Anderson Diehl,1,0,1,0.0,0.0,0.0,0.0,2026-02-04,106
Rodolfo-Abrantes,1,0,1,0.0,0.0,0.0,0.0,2026-02-19,92
Ana-Quintana-Arantes,1,0,1,0.0,0.0,0.0,0.0,2026-02-24,86
Flávia-Alessandra,1,0,1,0.0,0.0,0.0,0.0,2026-02-25,86
Patrícia Petri,1,0,1,0.0,0.0,0.0,0.0,2026-02-26,84
Amaral-,1,0,1,0.0,0.0,0.0,0.0,2026-02-26,84
Patrícia-Pedri,1,0,1,0.0,0.0,0.0,0.0,2026-03-03,79
Letícia-Vaz,1,0,1,0.0,0.0,0.0,0.0,2026-03-04,78
Paula-Vanessa-lins-da-Silva,1,0,1,0.0,0.0,0.0,0.0,2026-03-10,73
Verônica Magalhães,1,0,1,0.0,0.0,0.0,0.0,2026-03-10,72
Chirles-de-Oliveira-,1,0,1,0.0,0.0,0.0,0.0,2026-03-11,72
Pablo-Spyer,1,0,1,0.0,0.0,0.0,0.0,2026-03-11,71
Paulo Roberto Bertalha,1,0,1,0.0,0.0,0.0,0.0,2026-03-13,70
Carol-Iasmin,1,0,1,0.0,0.0,0.0,0.0,2026-03-17,66
Mailson-Da-Nobrega,1,0,1,0.0,0.0,0.0,0.0,2026-03-19,63
Rodrigo-Fontenelle,1,0,1,0.0,0.0,0.0,0.0,2026-03-24,59
Guilherme-Mercês,1,0,1,0.0,0.0,0.0,0.0,2026-03-24,58
Lucas-Plentz,1,0,0,0.0,0.0,0.0,0.0,2026-03-26,56
Matheus-Felippe,1,0,1,0.0,0.0,0.0,0.0,2026-03-27,55
